{
  "acc" : {
    "a" : 1,
    "b" : 0.9943804066704155,
    "g" : 0.6872438323678496,
    "r" : 0.0973474250368094
  },
  "acc-2" : {
    "a" : 1,
    "b" : 0.9810991951487599,
    "g" : 0.7770315663661307,
    "r" : 0.2944393193138784
  },
  "acc-ink" : {
    "a" : 1,
    "b" : 0.9993746016161128,
    "g" : 0.9892608031147806,
    "r" : 0.9758684930894731
  },
  "acc-line" : {
    "a" : 0.45,
    "b" : 0.9943804066704155,
    "g" : 0.6872438323678496,
    "r" : 0.0973474250368094
  },
  "acc-soft" : {
    "a" : 0.14,
    "b" : 0.9943804066704155,
    "g" : 0.6872438323678496,
    "r" : 0.0973474250368094
  },
  "acc-soft-2" : {
    "a" : 0.22,
    "b" : 0.9943804066704155,
    "g" : 0.6872438323678496,
    "r" : 0.0973474250368094
  },
  "bg-0" : {
    "a" : 1,
    "b" : 0.05971513668899298,
    "g" : 0.045393175038234,
    "r" : 0.03131949270959275
  },
  "bg-1" : {
    "a" : 1,
    "b" : 0.08907787169464237,
    "g" : 0.07109002970018977,
    "r" : 0.05276037716803763
  },
  "bg-2" : {
    "a" : 1,
    "b" : 0.11796787910778375,
    "g" : 0.09771583291823127,
    "r" : 0.077118725158655
  },
  "bg-3" : {
    "a" : 1,
    "b" : 0.14785348372585008,
    "g" : 0.1253027961787388,
    "r" : 0.1024004476376476
  },
  "bg-4" : {
    "a" : 1,
    "b" : 0.18847368234974052,
    "g" : 0.16336110991060737,
    "r" : 0.13790442668054767
  },
  "fg-0" : {
    "a" : 1,
    "b" : 0.9870012843040935,
    "g" : 0.9755022660032752,
    "r" : 0.9640553252860381
  },
  "fg-1" : {
    "a" : 1,
    "b" : 0.8316521881769172,
    "g" : 0.8094808669475674,
    "r" : 0.7873545858979444
  },
  "fg-2" : {
    "a" : 1,
    "b" : 0.6326153154764623,
    "g" : 0.6012034720700361,
    "r" : 0.5697353992250553
  },
  "fg-3" : {
    "a" : 1,
    "b" : 0.45121331753254196,
    "g" : 0.4160039168311014,
    "r" : 0.38056720741705374
  },
  "fg-4" : {
    "a" : 1,
    "b" : 0.3439932913837555,
    "g" : 0.30693150563304156,
    "r" : 0.2694477631350925
  },
  "glass-1" : {
    "a" : 0.55,
    "b" : 0.12723998889535143,
    "g" : 0.10675078265977764,
    "r" : 0.08593582574843875
  },
  "glass-2" : {
    "a" : 0.65,
    "b" : 0.16706361372050924,
    "g" : 0.1440555887441419,
    "r" : 0.12072980257555771
  },
  "glass-3" : {
    "a" : 0.75,
    "b" : 0.21026736669392,
    "g" : 0.1830144532858446,
    "r" : 0.15539065264082916
  },
  "info" : {
    "a" : 1,
    "b" : 0.9570264395149265,
    "g" : 0.7303709428271257,
    "r" : 0.29211148272729903
  },
  "line-1" : {
    "a" : 0.16,
    "b" : 0.5250742883521239,
    "g" : 0.48486962759626423,
    "r" : 0.4444074031597156
  },
  "line-2" : {
    "a" : 0.24,
    "b" : 0.5838473446896032,
    "g" : 0.5327655150652596,
    "r" : 0.48124432042540327
  },
  "line-3" : {
    "a" : 0.35,
    "b" : 0.6926997164744308,
    "g" : 0.6295215349142782,
    "r" : 0.5657392287485303
  },
  "neg" : {
    "a" : 1,
    "b" : 0.3927331296465621,
    "g" : 0.43764696689850036,
    "r" : 0.9999999999999999
  },
  "pos" : {
    "a" : 1,
    "b" : 0.5620170417262697,
    "g" : 0.821504185649546,
    "r" : 0.3879935232931309
  },
  "warn" : {
    "a" : 1,
    "b" : 0.18892131762332842,
    "g" : 0.7018448175677886,
    "r" : 0.9999999999999999
  }
}